{
    "bounds": {
        "maxx": [
            -70.61107401321406
        ],
        "maxy": [
            42.98738057938667
        ],
        "minx": [
            -70.6190656491879
        ],
        "miny": [
            42.98438057938667
        ]
    },
    "data_fs": {
        "xs": [
            [
                -70.61823669505124,
                -70.61812012337576,
                -70.61822374264285
            ],
            [
                -70.61787402761644,
                -70.61777040834936,
                -70.6179128848416,
                -70.6178222179829
            ],
            [
                -70.61436392494397,
                -70.61490792609617,
                -70.61438982976075,
                -70.61404011473434,
                -70.6143380201272
            ],
            [
                -70.61740774091456,
                -70.61727821683071,
                -70.61744659813972,
                -70.61744659813972
            ],
            [
                -70.61486906887102,
                -70.61506335499679,
                -70.61516697426387
            ],
            [
                -70.61611250007601,
                -70.61567211819091,
                -70.61591821395024,
                -70.61515402185549,
                -70.61633269101857,
                -70.61633269101857
            ],
            [
                -70.61312049373898,
                -70.61297801724673,
                -70.61319820818929
            ],
            [
                -70.61681193012883,
                -70.61703212107139,
                -70.61679897772045,
                -70.6163974530605,
                -70.61641040546888
            ],
            [
                -70.61537421279805,
                -70.61524468871418,
                -70.61511516463034
            ],
            [
                -70.61480430682909,
                -70.61495973572971,
                -70.61484316405424
            ],
            [
                -70.61296506483835,
                -70.61284849316287,
                -70.61264125462871
            ],
            [
                -70.61207134865975,
                -70.61261534981193,
                -70.61287439797965
            ],
            [
                -70.61186411012558,
                -70.61216201551845,
                -70.61217496792683
            ],
            [
                -70.61797764688352,
                -70.61806831374223,
                -70.6179128848416,
                -70.6178222179829
            ],
            [
                -70.61422144845173,
                -70.61415668640981,
                -70.6139753526924
            ],
            [
                -70.61411782918465,
                -70.61396240028402,
                -70.61402716232595,
                -70.61410487677627
            ],
            [
                -70.61401420991757,
                -70.61387173342533,
                -70.613457256357,
                -70.61383287620018,
                -70.61427325808528,
                -70.6139753526924
            ],
            [
                -70.61394944787564,
                -70.61387173342533,
                -70.61370335211632
            ],
            [
                -70.61492087850455,
                -70.61537421279805,
                -70.61628088138502,
                -70.615775737458,
                -70.615775737458
            ],
            [
                -70.61411782918465,
                -70.61393649546726,
                -70.61393649546726
            ],
            [
                -70.61388468583371,
                -70.61385878101694,
                -70.61375516174986
            ],
            [
                -70.61385878101694,
                -70.61374220934147,
                -70.61372925693308,
                -70.6138976382421
            ],
            [
                -70.61673858277406,
                -70.61635073837176,
                -70.61656507343619
            ],
            [
                -70.61701415642834,
                -70.61684064709047,
                -70.61670796347914
            ],
            [
                -70.61707928880134,
                -70.61663834199248,
                -70.61684831666336,
                -70.61738585182083,
                -70.61701629640008
            ]
        ],