{
    "bounds": {
        "maxx": [
            -70.98441283222667
        ],
        "maxy": [
            42.36081506019413
        ],
        "minx": [
            -70.99240446820079
        ],
        "miny": [
            42.35781506019413
        ]
    },
    "data_fs": {
        "xs": [],
        "ys": []
    },
    "data_snr": {
        "x": [
            -70.98719760002965,
            -70.9865111223852,
            -70.98653702720196,
            -70.98547492971431,
            -70.98596712123299,
            -70.98827264992568,
            -70.991471894797,
            -70.99167913333119
        ],
        "y": [
            42.360207086772206,
            42.36026688743665,
            42.359908083449945,
            42.358283498732334,
            42.35825359840011,
            42.359160575144294,
            42.35808416318416,
            42.358373199729016
        ]
    },
    "generated_on": "21/12/2021_15:03:21",
    "map_name": "boston_sar_zoomed",
    "map_type": 1,
    "mission_duration_min": 6,
    "wind": {
        "dir_deg": 0,
        "spd_kts": 0
    }
}