{
    "bounds": {
        "maxx": [
            -70.98851167178124
        ],
        "maxy": [
            42.36149356566796
        ],
        "minx": [
            -70.99650330775536
        ],
        "miny": [
            42.35849356566796
        ]
    },
    "data_fs": {
        "xs": [
            [
                -70.9939775881201,
                -70.99316158639179,
                -70.99373149236078
            ],
            [
                -70.99182748832804,
                -70.99138710644291,
                -70.99159434497709,
                -70.9918663455532
            ],
            [
                -70.99253987078927,
                -70.99191815518674,
                -70.99229377502994,
                -70.99248806115573
            ]
        ],
        "ys": [
            [
                42.36044705404006,
                42.360377286598194,
                42.35959987796032
            ],
            [
                42.36069622347527,
                42.360516821481916,
                42.36017795105002,
                42.36044705404006
            ],
            [
                42.359719479289225,
                42.35952014374105,
                42.35936067530251,
                42.35907163875766
            ]
        ]
    },
    "data_snr": {
        "x": [],
        "y": []
    },
    "generated_on": "21/12/2021_19:39:16",
    "map_name": "boston_fire",
    "map_type": 0,
    "mission_duration_min": 10,
    "wind": {
        "dir_deg": 0,
        "spd_kts": 0
    }
}