{
    "bounds": {
        "maxx": [
            -70.98851167178124
        ],
        "maxy": [
            42.36149356566796
        ],
        "minx": [
            -70.99650330775536
        ],
        "miny": [
            42.35849356566796
        ]
    },
    "data_fs": {
        "xs": [
            [
                -70.9939775881201,
                -70.99316158639179,
                -70.99373149236078
            ],
            [
                -70.99182748832804,
                -70.99138710644291,
                -70.99159434497709,
                -70.9918663455532
            ],
            [
                -70.99253987078927,
                -70.99191815518674,
                -70.99229377502994,
                -70.99248806115573
            ],
            [
                -70.99160729738549,
                -70.99137415403453,
                -70.99151663052677
            ],
            [
                -70.99288958581569,
                -70.9930709195331,
                -70.99308387194148
            ],
            [
                -70.99537644822578,
                -70.99520806691677,
                -70.99511740005806
            ]
        ],
        "ys": [
            [
                42.36044705404006,
                42.360377286598194,
                42.35959987796032
            ],
            [
                42.36069622347527,
                42.360516821481916,
                42.36017795105002,
                42.36044705404006
            ],
            [
                42.359719479289225,
                42.35952014374105,
                42.35936067530251,
                42.35907163875766
            ],
            [
                42.35924107397361,
                42.3592311071962,
                42.359350708525106
            ],
            [
                42.36115469523607,
                42.36115469523607,
                42.36108492779421
            ],
            [
                42.359799213508495,
                42.35966964540218,
                42.35974937962145
            ]
        ]
    },
    "data_snr": {
        "x": [],
        "y": []
    },
    "generated_on": "14/01/2022_20:14:28",
    "map_name": "boston_fire",
    "map_type": 0,
    "mission_duration_min": 10,
    "wind": {
        "dir_deg": 0,
        "spd_kts": 0
    }
}