{
    "bounds": {
        "maxx": [
            -70.97990957051577
        ],
        "maxy": [
            42.365555424684345
        ],
        "minx": [
            -71.00736632938549
        ],
        "miny": [
            42.35524836404295
        ]
    },
    "data_fs": {
        "xs": [],
        "ys": []
    },
    "data_snr": {
        "x": [
            -71.00560345562178,
            -70.99401256062542,
            -70.98550669471554,
            -70.9827742403818,
            -70.98969351990434,
            -70.98374382095183,
            -70.99330741111994
        ],
        "y": [
            42.356241403108065,
            42.35754262671063,
            42.35689201490935,
            42.360487501179605,
            42.362233880225155,
            42.36439117198731,
            42.36459662834561
        ]
    },
    "generated_on": "12/11/2021_15:33:46",
    "map_name": "boston_sar",
    "map_type": 1,
    "mission_duration_min": 6,
    "wind": {
        "dir_deg": 0,
        "spd_kts": 0
    }
}