{
    "bounds": {
        "maxx": [
            -70.99263425785716
        ],
        "maxy": [
            42.366708100513726
        ],
        "minx": [
            -71.01608152332338
        ],
        "miny": [
            42.357906173520654
        ]
    },
    "data_fs": {
        "xs": [
            [
                -70.99974747322331,
                -70.99869366353944,
                -71.0006131026065,
                -71.00053783048622
            ],
            [
                -70.99647313599128,
                -70.99493005752561,
                -70.99662368023183
            ],
            [
                -71.0098339373404,
                -71.00844140311528,
                -71.00972102915999,
                -71.01047375036275,
                -71.01032320612221
            ],
            [
                -71.0087424915964,
                -71.00625851162725,
                -71.00798977039362
            ]
        ],
        "ys": [
            [
                42.363666903147355,
                42.36322826891182,
                42.36276039239391,
                42.363432964888396
            ],
            [
                42.36100585545177,
                42.360625705780976,
                42.36024555611018
            ],
            [
                42.36252645413496,
                42.36229251587601,
                42.36156145881678,
                42.36229251587601,
                42.36273115011154
            ],
            [
                42.36597704345451,
                42.36556765150134,
                42.36463189846553
            ]
        ]
    },
    "data_snr": {
        "x": [],
        "y": []
    },
    "generated_on": "12/11/2021_16:21:39",
    "map_name": "boston_fire",
    "map_type": 0,
    "mission_duration_min": 6,
    "wind": {
        "dir_deg": 0,
        "spd_kts": 0
    }
}