{
    "bounds": {
        "maxx": [
            -70.81978060777095
        ],
        "maxy": [
            41.26219906755072
        ],
        "minx": [
            -70.84092984772866
        ],
        "miny": [
            41.254259802038874
        ]
    },
    "data_fs": {
        "xs": [],
        "ys": []
    },
    "data_snr": {
        "x": [
            -70.83074562302993,
            -70.83519273448171,
            -70.83930037177686,
            -70.83868931829494,
            -70.83943616143951,
            -70.83644878886122,
            -70.83705984234314,
            -70.83712773717447,
            -70.83189983516245,
            -70.83349536369857,
            -70.82392219248177
        ],
        "y": [
            41.261434154926654,
            41.261117639358076,
            41.25985157708376,
            41.25969331929947,
            41.257029313263935,
            41.257688720698475,
            41.258110741456576,
            41.25713481845346,
            41.25499833836555,
            41.2550774672577,
            41.26074837119473
        ]
    },
    "generated_on": "24/11/2021_00:42:26",
    "map_name": "island_sar",
    "map_type": 1,
    "mission_duration_min": 10,
    "wind": {
        "dir_deg": 0,
        "spd_kts": 0
    }
}