{
    "bounds": {
        "maxx": [
            -70.81530446296911
        ],
        "maxy": [
            41.260971745705305
        ],
        "minx": [
            -70.8325454346745
        ],
        "miny": [
            41.25449961468189
        ]
    },
    "data_fs": {
        "xs": [
            [
                -70.82947360825509,
                -70.82800688032509,
                -70.82961197881453
            ],
            [
                -70.82645713005944,
                -70.82562690670284,
                -70.82418785288473,
                -70.82440924577983,
                -70.8248797056819
            ],
            [
                -70.8190681421857,
                -70.81768443659136,
                -70.81912349040947,
                -70.81942790564023
            ],
            [
                -70.82335762952813,
                -70.82100533001777,
                -70.82252740617153,
                -70.82490737979379,
                -70.82490737979379
            ]
        ],
        "ys": [
            [
                41.259466598955676,
                41.25903655702721,
                41.25864951929159
            ],
            [
                41.255488711117366,
                41.25645630545641,
                41.255875748852986,
                41.25520918386386,
                41.25544570692452
            ],
            [
                41.25594025514225,
                41.25639179916714,
                41.256929351577725,
                41.256735832709914
            ],
            [
                41.25806896268816,
                41.258499004616624,
                41.259466598955676,
                41.25910106331648,
                41.25910106331648
            ]
        ]
    },
    "data_snr": {
        "x": [],
        "y": []
    },
    "generated_on": "24/11/2021_00:52:19",
    "map_name": "island_fire",
    "map_type": 0,
    "mission_duration_min": 10,
    "wind": {
        "dir_deg": 0,
        "spd_kts": 0
    }
}