{
    "bounds": {
        "maxx": [
            -70.61036662221477
        ],
        "maxy": [
            42.98509373679426
        ],
        "minx": [
            -70.61835825818888
        ],
        "miny": [
            42.98209373679426
        ]
    },
    "data_fs": {
        "xs": [
            [
                -70.61531444221819,
                -70.61492586996661,
                -70.61546987111882,
                -70.61606568190457,
                -70.61597501504588
            ],
            [
                -70.61467977420729,
                -70.61499063200854,
                -70.61435596399764,
                -70.61429120195571
            ],
            [
                -70.61241310273975,
                -70.61227062624751,
                -70.61294415148357,
                -70.61274986535778
            ]
        ],
        "ys": [
            [
                42.984864500913865,
                42.984655198588285,
                42.98447579659493,
                42.984705032475325,
                42.98489440124609
            ],
            [
                42.98402729161154,
                42.983748221844095,
                42.983459185299246,
                42.983538919518516
            ],
            [
                42.982392740116524,
                42.982791411212865,
                42.98281134476768,
                42.98246250755838
            ]
        ]
    },
    "data_snr": {
        "x": [],
        "y": []
    },
    "generated_on": "21/12/2021_18:59:58",
    "map_name": "IsleOfShoals_fire",
    "map_type": 0,
    "mission_duration_min": 10,
    "wind": {
        "dir_deg": 0,
        "spd_kts": 0
    }
}