{
    "bounds": {
        "maxx": [
            -70.60537868713935
        ],
        "maxy": [
            42.98648017772406
        ],
        "minx": [
            -70.61337032311346
        ],
        "miny": [
            42.98348017772406
        ]
    },
    "data_fs": {
        "xs": [],
        "ys": []
    },
    "data_snr": {
        "x": [
            -70.60640192740183,
            -70.60605221237542,
            -70.60612992682573,
            -70.60979545839895,
            -70.60943279096414,
            -70.60887583740355,
            -70.6079044067746,
            -70.60758059656496
        ],
        "y": [
            42.98401838370413,
            42.98401838370413,
            42.98424761958453,
            42.98461639034865,
            42.98461639034865,
            42.98527419765762,
            42.986011739185855,
            42.98597187207622
        ]
    },
    "generated_on": "21/12/2021_18:51:12",
    "map_name": "IsleOfShoals_sar",
    "map_type": 1,
    "mission_duration_min": 6,
    "wind": {
        "dir_deg": 0,
        "spd_kts": 0
    }
}