{
    "bounds": {
        "maxx": [
            -69.6271680929922
        ],
        "maxy": [
            43.92868609396911
        ],
        "minx": [
            -69.65258027954208
        ],
        "miny": [
            43.91914655038952
        ]
    },
    "data_fs": {
        "xs": [],
        "ys": []
    },
    "data_snr": {
        "x": [
            -69.63022734498458,
            -69.63047208514396,
            -69.62839179378915,
            -69.63932352090852,
            -69.63650900907555,
            -69.64821574669965,
            -69.65188684909047,
            -69.65180526903735,
            -69.65115262861231,
            -69.63834456027097
        ],
        "y": [
            43.92073119218015,
            43.92146012740384,
            43.92383709008978,
            43.92383709008978,
            43.92611897426829,
            43.92821070143192,
            43.92700637367104,
            43.92152351307546,
            43.92668944531292,
            43.926182359939915
        ]
    },
    "generated_on": "24/11/2021_01:08:52",
    "map_name": "maine_sar",
    "map_type": 1,
    "mission_duration_min": 10,
    "wind": {
        "dir_deg": 0,
        "spd_kts": 0
    }
}