{
    "bounds": {
        "maxx": [
            -69.63692285315385
        ],
        "maxy": [
            43.923093041878815
        ],
        "minx": [
            -69.6546051934207
        ],
        "miny": [
            43.9164552244191
        ]
    },
    "data_fs": {
        "xs": [
            [
                -69.64733925584716,
                -69.64569306686565,
                -69.64626071823858,
                -69.64802043749468,
                -69.64833264574979
            ],
            [
                -69.64750955125903,
                -69.64526732833595,
                -69.64540924117918
            ],
            [
                -69.63970434488121,
                -69.63865418984129,
                -69.64035714396009,
                -69.64055582194061
            ],
            [
                -69.65117090261445,
                -69.65051810353557,
                -69.64938280078971
            ]
        ],
        "ys": [
            [
                43.920138000219005,
                43.92000568492081,
                43.9188810048861,
                43.918903057435806,
                43.91949847627771
            ],
            [
                43.918660479389104,
                43.918682531938806,
                43.9181312181963
            ],
            [
                43.91978515942381,
                43.91896921508491,
                43.9182414809448,
                43.918660479389104
            ],
            [
                43.9173593789568,
                43.9179768503484,
                43.9172270636586
            ]
        ]
    },
    "data_snr": {
        "x": [],
        "y": []
    },
    "generated_on": "24/11/2021_01:16:43",
    "map_name": "maine_fire",
    "map_type": 0,
    "mission_duration_min": 10,
    "wind": {
        "dir_deg": 0,
        "spd_kts": 0
    }
}