{
    "bounds": {
        "maxx": [
            -70.06658234708466
        ],
        "maxy": [
            41.31495954211417
        ],
        "minx": [
            -70.07457398305878
        ],
        "miny": [
            41.31195954211417
        ]
    },
    "data_fs": {
        "xs": [
            [
                -70.07285131274345,
                -70.07222959714093,
                -70.07207416824029,
                -70.07291607478538
            ],
            [
                -70.07153016708808,
                -70.07090845148556,
                -70.07141359541261
            ],
            [
                -70.07129702373715,
                -70.07079187981009,
                -70.07129702373715
            ]
        ],
        "ys": [
            [
                41.31340472483842,
                41.3132651899547,
                41.31374359527031,
                41.31363396071882
            ],
            [
                41.31471037267895,
                41.31456087101782,
                41.314311701582604
            ],
            [
                41.31391303048626,
                41.313863196599215,
                41.31366386105104
            ]
        ]
    },
    "data_snr": {
        "x": [],
        "y": []
    },
    "generated_on": "21/12/2021_19:18:05",
    "map_name": "nantucket_fire",
    "map_type": 0,
    "mission_duration_min": 6,
    "wind": {
        "dir_deg": 0,
        "spd_kts": 0
    }
}