{
    "bounds": {
        "maxx": [
            -70.07058115025906
        ],
        "maxy": [
            41.31347090122039
        ],
        "minx": [
            -70.07857278623327
        ],
        "miny": [
            41.31047090122039
        ]
    },
    "data_fs": {
        "xs": [],
        "ys": []
    },
    "data_snr": {
        "x": [
            -70.07555487507932,
            -70.07543830340384,
            -70.07093086528549,
            -70.07122877067836,
            -70.0711121990029,
            -70.07367677586333,
            -70.07660402015858,
            -70.07596935214767
        ],
        "y": [
            41.31323169856259,
            41.31314199756591,
            41.31269349258252,
            41.31261375836325,
            41.31225495437654,
            41.31069017032338,
            41.3112881769679,
            41.3109393397586
        ]
    },
    "generated_on": "21/12/2021_19:13:52",
    "map_name": "nantucket_sar",
    "map_type": 1,
    "mission_duration_min": 10,
    "wind": {
        "dir_deg": 0,
        "spd_kts": 0
    }
}