{
    "bounds": {
        "maxx": [
            -70.06658234708466
        ],
        "maxy": [
            41.31495954211417
        ],
        "minx": [
            -70.07457398305878
        ],
        "miny": [
            41.31195954211417
        ]
    },
    "data_fs": {
        "xs": [
            [
                -70.07285131274345,
                -70.07222959714093,
                -70.07207416824029,
                -70.07291607478538
            ],
            [
                -70.07153016708808,
                -70.07090845148556,
                -70.07141359541261
            ],
            [
                -70.07129702373715,
                -70.07079187981009,
                -70.07129702373715
            ],
            [
                -70.07325283740342,
                -70.07320102776987,
                -70.07338236148728
            ],
            [
                -70.07248864530865,
                -70.07241093085833,
                -70.0725275025338
            ],
            [
                -70.07165969117194,
                -70.07168559598871,
                -70.07164673876356
            ],
            [
                -70.07033854551658,
                -70.07017016420757,
                -70.07031264069981
            ],
            [
                -70.07175035803064,
                -70.07191873933967,
                -70.07181512007257
            ]
        ],
        "ys": [
            [
                41.31340472483842,
                41.3132651899547,
                41.31374359527031,
                41.31363396071882
            ],
            [
                41.31471037267895,
                41.31456087101782,
                41.314311701582604
            ],
            [
                41.31391303048626,
                41.313863196599215,
                41.31366386105104
            ],
            [
                41.31427183447297,
                41.314231967363334,
                41.31409243247961
            ],
            [
                41.314530970685595,
                41.31447117002114,
                41.31435156869224
            ],
            [
                41.31297615340985,
                41.31308578796134,
                41.313075821183936
            ],
            [
                41.31351435938991,
                41.31363396071882,
                41.31364392749622
            ],
            [
                41.31403263181516,
                41.31401269826034,
                41.31393296404108
            ]
        ]
    },
    "data_snr": {
        "x": [],
        "y": []
    },
    "generated_on": "14/01/2022_20:15:11",
    "map_name": "nantucket_fire",
    "map_type": 0,
    "mission_duration_min": 10,
    "wind": {
        "dir_deg": 0,
        "spd_kts": 0
    }
}