{
    "bounds": {
        "maxx": [
            -78.82899672985478
        ],
        "maxy": [
            44.24312217638168
        ],
        "minx": [
            -113.17155490546003
        ],
        "miny": [
            29.89390798754044
        ]
    },
    "data_fs": {
        "xs": [
            [
                -99.84690458111203,
                -88.74593571786723,
                -89.12133080019917,
                -104.72704065142739
            ]
        ],
        "ys": [
            [
                37.30468279395122,
                36.821745625934966,
                30.71917595736586,
                32.036277324682935
            ]
        ]
    },
    "data_snr": {
        "x": [
            -97.75541769383402,
            -94.32323408394191,
            -96.1465816266971,
            -100.11504392563485,
            -95.34216359312863
        ],
        "y": [
            42.44137812648781,
            41.65111730609757,
            39.8949821496748,
            40.81695310679675,
            39.41204498165854
        ]
    },
    "generated_on": "14/10/2021_22:10:52",
    "map_name": "sample2",
    "map_type": 0,
    "wind": {
        "spd_kts": 0,
        "dir_deg": 0
    }
}