{
    "bounds": {
        "maxx": [
            -88.02390709018566
        ],
        "maxy": [
            30.755258705017052
        ],
        "minx": [
            -88.03802525804302
        ],
        "miny": [
            30.74935976721797
        ]
    },
    "data_fs": {
        "xs": [
            [
                -88.02968324677312,
                -88.02852562861406,
                -88.02974291781224
            ],
            [
                -88.02877624697838,
                -88.02681903689503,
                -88.02726060258458,
                -88.03017254929395
            ]
        ],
        "ys": [
            [
                30.75234280730824,
                30.751891994175626,
                30.752064646013647
            ],
            [
                30.753023822891546,
                30.75241954145847,
                30.751786484719055,
                30.752745661596954
            ]
        ]
    },
    "data_snr": {
        "x": [
            -88.02981452305919,
            -88.029349088954,
            -88.02957583890269,
            -88.02954003627922,
            -88.02942069420095
        ],
        "y": [
            30.75173852587516,
            30.75165219995615,
            30.7515370987308,
            30.75164260818737,
            30.751585057574697
        ]
    },
    "generated_on": "18/10/2021_22:48:43",
    "map_name": "sample3",
    "map_type": 0,
    "wind": {
        "spd_kts": 0,
        "dir_deg": 0
    }
}