{
    "bounds": {
        "maxx": [
            -92.85598372949673
        ],
        "maxy": [
            35.58486602418503
        ],
        "minx": [
            -98.76855997446015
        ],
        "miny": [
            33.11443786001002
        ]
    },
    "data_fs": {
        "xs": [
            [
                -96.07922763561392,
                -95.134995141644,
                -95.29319116157613,
                -95.71834296514373
            ],
            [
                -97.29041591321929,
                -96.52415394167303,
                -96.6279700797535,
                -97.84904560860464
            ]
        ],
        "ys": [
            [
                34.837712140385754,
                34.906000398582464,
                34.452084329392584,
                34.47618606757966
            ],
            [
                34.9823225695082,
                34.901983442217954,
                34.38781302756039,
                34.73728823127295
            ]
        ]
    },
    "data_snr": {
        "x": [
            -96.64297605558362,
            -94.64323724401115,
            -95.13397069470378,
            -96.11543759608904
        ],
        "y": [
            35.198528363477735,
            35.38935837608537,
            34.0033298634615,
            34.244378300439564
        ]
    },
    "generated_on": "14/10/2021_22:13:42",
    "map_name": "sample1",
    "map_type": 0,
    "wind": {
        "spd_kts": 0,
        "dir_deg": 0
    }
}