{
    "bounds": {
        "maxx": [
            -79.53784698386164
        ],
        "maxy": [
            33.06059251728216
        ],
        "minx": [
            -79.63941047371965
        ],
        "miny": [
            33.018156649159316
        ]
    },
    "data_fs": {
        "xs": [],
        "ys": []
    },
    "data_snr": {
        "x": [
            -79.58810716091556,
            -79.58763300830184,
            -79.58621055046069,
            -79.58393461791485,
            -79.58573639784697,
            -79.5860208894152,
            -79.58649504202891,
            -79.58801233039281
        ],
        "y": [
            33.03632136502246,
            33.04235050475576,
            33.04722019454035,
            33.050621247723235,
            33.044669404653185,
            33.038717561583134,
            33.03346138848231,
            33.0337705751353
        ]
    },
    "generated_on": "18/10/2021_23:00:47",
    "map_name": "SNR",
    "map_type": 1,
    "mission_duration_min": 6,
    "wind": {
        "spd_kts": 0,
        "dir_deg": 0
    }
}