{
    "bounds": {
        "maxx": [
            -75.06534138653333
        ],
        "maxy": [
            41.176473154403325
        ],
        "minx": [
            -75.17853142888892
        ],
        "miny": [
            41.12917941019537
        ]
    },
    "data_fs": {
        "xs": [],
        "ys": []
    },
    "data_snr": {
        "x": [
            "-75.1402624145687",
            "-75.13325541194668",
            -75.13702841335854,
            -75.13002141073652,
            -75.1321774115433,
            -75.10989873653998
        ],
        "y": [
            "41.146993387180366",
            "41.14604751229621",
            41.143367533457756,
            41.14194872113152,
            41.13564288857046,
            41.13753463833878
        ]
    },
    "generated_on": "05/11/2021_19:03:19",
    "map_name": "stratford_sar",
    "map_type": 1,
    "mission_duration_min": 6,
    "wind": {
        "dir_deg": 0,
        "spd_kts": 0
    }
}