{
    "bounds": {
        "maxx": [
            -77.32081404345253
        ],
        "maxy": [
            43.96334882478425
        ],
        "minx": [
            -77.32880567942665
        ],
        "miny": [
            43.96034882478425
        ]
    },
    "data_fs": {
        "xs": [],
        "ys": []
    },
    "data_snr": {
        "x": [
            -77.32861139330086,
            -77.32841710717508,
            -77.32100832957832,
            -77.32129328256282,
            -77.32137099701313,
            -77.32104718680348,
            -77.32458319429284,
            -77.32440186057543,
            -77.3248033852354,
            -77.32684986576038,
            -77.32657786518428,
            -77.32644834110042,
            -77.32866320293441,
            -77.32845596440023,
            -77.32795082047319,
            -77.32780834398093,
            -77.32345633476326,
            -77.32304185769492,
            -77.32336566790457,
            -77.32611157848238,
            -77.32174661685632,
            -77.32205747465758,
            -77.32773062953062,
            -77.32313252455361,
            -77.32721253319518,
            -77.32170775963117,
            -77.32591729235659,
            -77.3278472012061,
            -77.32262738062657,
            -77.32156528313892,
            -77.32643538869203
        ],
        "y": [
            43.96320928990053,
            43.96322922345535,
            43.96072756232578,
            43.96118603408657,
            43.96110629986731,
            43.96126576830584,
            43.9621428447178,
            43.96208304405335,
            43.960906964319136,
            43.96139533641216,
            43.96129566863807,
            43.961853808172954,
            43.96209301083076,
            43.96230231315634,
            43.96080729654505,
            43.96067772843874,
            43.962940186910494,
            43.96293022013309,
            43.96324915701017,
            43.962890353023454,
            43.9622524792693,
            43.96205314372113,
            43.9617840407311,
            43.96218271182744,
            43.962571416146375,
            43.96324915701017,
            43.96083719687727,
            43.962870419468636,
            43.961694339734414,
            43.96166443940219,
            43.96300995435236
        ]
    },
    "generated_on": "20/01/2022_21:32:47",
    "map_name": "SAR_Competition",
    "map_type": 1,
    "mission_duration_min": 10,
    "wind": {
        "dir_deg": 0,
        "spd_kts": 0
    }
}